24988446,궔갋156걓0180걕28(뱛뮼갋댦뼔뿢갋뜴됯)
24495893,궔갋183걓0206걕77(뱛뮼갋댦뼔뿢갋뜴됯)
24503308,궔갋184걓0201걕76(뱛뮼갋댦뼔뿢갋뜴됯)
24480841,궔갋185걓0202걕78(뱛뮼갋댦뼔뿢갋뜴됯)
24353098,궔갋186걓0204걕91W(뱛뮼갋댦뼔뿢갋뜴됯)
24588465,궔갋251걓0232걕68W(뱛뮼갋댦뼔뿢갋뜴됯)
24560613,궔갋252걓0233걕70W(뱛뮼갋댦뼔뿢갋뜴됯)
24571545,궔갋288걓0252걕69(뱛뮼갋댦뼔뿢갋뜴됯)
24595320,궔갋289걓0251걕67W(뱛뮼갋댦뼔뿢갋뜴됯)
35239245,뛼뫊504(뱒럖듩뛼뫊긫긚)
24717227,궔갋724걓0373걕55(뱛뮼갋댦뼔뿢갋뜴됯)
24631581,궔갋725걓0374걕63(뱛뮼갋댦뼔뿢갋뜴됯)
25039299,궔갋770걓0384걕23W(뱛뮼갋댦뼔뿢갋뜴됯)
1595939,궔갋772걓0386걕1(뱛뮼갋댦뼔뿢갋뜴됯)
24872328,궔갋773걓0387걕39(뱛뮼갋댦뼔뿢갋뜴됯)
35095116,뛼뫊780(뱒럖듩뛼뫊긫긚)
24888490,궔갋797걓0234걕38W(뱛뮼갋댦뼔뿢갋뜴됯)
35108646,뛼뫊802(뱒럖듩뛼뫊긫긚)
24521588,궔갋829걓0404걕74(뱛뮼갋댦뼔뿢갋뜴됯)
24541251,궔갋830걓0405걕72(뱛뮼갋댦뼔뿢갋뜴됯)
3952387,궔갋831걓0402걕(뱛뮼갋댦뼔뿢갋뜴됯)
24862591,궔갋832걓0403걕40(뱛뮼갋댦뼔뿢갋뜴됯)
25076065,궔갋833걓0407걕19(뱛뮼갋댦뼔뿢갋뜴됯)
24748425,궔갋931걓0435걕52W(뱛뮼갋댦뼔뿢갋뜴됯)
25051418,궔갋932걓0436걕21W(뱛뮼갋댦뼔뿢갋뜴됯)
24212084,궔갋933걓0422걕13(뱛뮼갋댦뼔뿢갋뜴됯)
24253205,궔갋941걓0441걕17(뱛뮼갋댦뼔뿢갋뜴됯)
24221783,궔갋943걓0442걕14(뱛뮼갋댦뼔뿢갋뜴됯)
24680707,궔갋944걓0443걕58(뱛뮼갋댦뼔뿢갋뜴됯)
24427941,궔갋945걓0444걕84(뱛뮼갋댦뼔뿢갋뜴됯)
24181668,궔갋1015걓0460걕10(뱛뮼갋댦뼔뿢갋뜴됯)
24199016,궔갋1016걓0461걕11(뱛뮼갋댦뼔뿢갋뜴됯)
24347183,궔갋1017걓0462걕92(뱛뮼갋댦뼔뿢갋뜴됯)
24270085,궔갋1018걓0463걕99(뱛뮼갋댦뼔뿢갋뜴됯)
24727198,궔갋1019걓0464걕54(뱛뮼갋댦뼔뿢갋뜴됯)
1563772,궔갋1068걓0469걕5(뱛뮼갋댦뼔뿢갋뜴됯)
25006803,1085걓0480걕27W(뱛뮼갋댦뼔뿢갋뜴됯)
23335056,궔갋1090걓0483걕(뱛뮼갋댦뼔뿢갋뜴됯)
1872922,궔갋1091걓0484걕6(뱛뮼갋댦뼔뿢갋뜴됯)
24894449,궔갋1092걓0485걕37(뱛뮼갋댦뼔뿢갋뜴됯)
24913550,궔갋1093걓0486걕35W(뱛뮼갋댦뼔뿢갋뜴됯)
24611380,궔갋1094걓0487걕65(뱛뮼갋댦뼔뿢갋뜴됯)
24172867,궔갋1136걓0497걕9(뱛뮼갋댦뼔뿢갋뜴됯)
1473087,궔갋1137걓0498걕8(뱛뮼갋댦뼔뿢갋뜴됯)
24249818,궔갋1138걓0499걕16(뱛뮼갋댦뼔뿢갋뜴됯)
24663720,궔갋1139걓0501걕60(뱛뮼갋댦뼔뿢갋뜴됯)
24678445,궔갋1140걓0502걕59(뱛뮼갋댦뼔뿢갋뜴됯)
24326652,궔갋1173걓0504걕94(뱛뮼갋댦뼔뿢갋뜴됯)
24315194,궔갋1174걓0505걕95(뱛뮼갋댦뼔뿢갋뜴됯)
24304536,궔갋1175걓0507걕96(뱛뮼갋댦뼔뿢갋뜴됯)
24291774,궔갋1176걓0508걕97(뱛뮼갋댦뼔뿢갋뜴됯)
24280531,궔갋1178걓0506걕98(뱛뮼갋댦뼔뿢갋뜴됯)
24921802,궔갋1211걓0509걕34W(뱛뮼갋댦뼔뿢갋뜴됯)
24604044,궔갋1212걓66W(뱛뮼갋댦뼔뿢갋뜴됯)걕
24537858,궔갋1213걓0511걕73W(뱛뮼갋댦뼔뿢갋뜴됯)걕
24695232,궔갋1214걓0512걕57(뱛뮼갋댦뼔뿢갋뜴됯)
24510472,궔갋1215걓0513걕75W(뱛뮼갋댦뼔뿢갋뜴됯)
24951677,궔갋1252걓0522걕31W(뱛뮼갋댦뼔뿢갋뜴됯)
1509263,궔갋1253걓0523걕4(뱛뮼갋댦뼔뿢갋뜴됯)
24771867,궔갋1254 49W(뱛뮼갋댦뼔뿢갋뜴됯)
24468243,궔갋1255걓0525걕80(뱛뮼갋댦뼔뿢갋뜴됯)
24380935,궔갋1256걓0526걕88(뱛뮼갋댦뼔뿢갋뜴됯)
35198235,뛼뫊1284(뱒럖듩뛼뫊긫긚)
35201174,뛼뫊1285(뱒럖듩뛼뫊긫긚)
35278158,뛼뫊1286(뱒럖듩뛼뫊긫긚)
24781077,궔갋1296걓0545걕48(뱛뮼갋댦뼔뿢갋뜴됯)
24239959,궔갋1297걓0546걕15(뱛뮼갋댦뼔뿢갋뜴됯)
24759774,궔갋1298걓0547걕51(뱛뮼갋댦뼔뿢갋뜴됯)
24934971,궔갋1299걓0548걕33(뱛뮼갋댦뼔뿢갋뜴됯)
24709245,궔갋1301걓0549걕56(뱛뮼갋댦뼔뿢갋뜴됯)
24367799,궔갋1303걓0551걕 90W(뱛뮼갋댦뼔뿢갋뜴됯)
35210155,뛼뫊1320(뱒럖듩뛼뫊긫긚)
35227023,뛼뫊1321(뱒럖듩뛼뫊긫긚)
35286082,뛼뫊1322(뱒럖듩뛼뫊긫긚)
35290830,뛼뫊1323(뱒럖듩뛼뫊긫긚)
25029360,궔갋1338걓0xxx걕24(뱛뮼갋댦뼔뿢갋뜴됯)
25042096,궔갋1339걓0421걕22(뱛뮼갋댦뼔뿢갋뜴됯)
24448390,궔갋1340걓0xxx걕82(뱛뮼갋댦뼔뿢갋뜴됯)
24811084,궔갋1341걓0xxx걕45(뱛뮼갋댦뼔뿢갋뜴됯)
24640890,궔갋1343걓0568걕62(뱛뮼갋댦뼔뿢갋뜴됯)
24451048,궔갋1344걓0142걕81(뱛뮼갋댦뼔뿢갋뜴됯)
24393767,궔갋1345걓0107걕87W(뱛뮼갋댦뼔뿢갋뜴됯)
35063926,뛼뫊1372(뱒럖듩뛼뫊긫긚)
35521685,뛼뫊1373(뱒럖듩뛼뫊긫긚)
24829433,궔갋1384걓0087걕44W(뱛뮼갋댦뼔뿢갋뜴됯)
24732832,궔갋1385걓0423걕53W(뱛뮼갋댦뼔뿢갋뜴됯)
1484011,궔갋1386걓0592걕7(뱛뮼갋댦뼔뿢갋뜴됯)
24332121,궔갋1387걓0593걕93(뱛뮼갋댦뼔뿢갋뜴됯)
1584258,궔갋1388걓0594걕2(뱛뮼갋댦뼔뿢갋뜴됯)
24978052,궔갋1389 29W(뱛뮼갋댦뼔뿢갋뜴됯)
24790318,궔갋1390 47(뱛뮼갋댦뼔뿢갋뜴됯)
27331591,궔갋2473(댦뱒)
27350722,궔갋2746(댦뱒)
27378640,궔갋2961(댦뱒)
35426665,뛼뫊2978(뱒럖듩뛼뫊긫긚)
27383330,궔갋2994(댦뱒)
27398149,궔갋3146(댦뱒)
27405503,궔갋3147(댦뱒)
27419198,궔갋3148(댦뱒)
27421945,궔갋3509(댦뱒)
27436544,궔갋3510(댦뱒)
27447738,궔갋3511(댦뱒)
27471297,궔갋3600(댦뱒)
27485539,궔갋3606(댦뱒)
27496801,궔갋3844(댦뱒)
27503365,궔갋3845(댦뱒)
27527872,궔갋3847(댦뱒)
27531708,궔갋3848(댦뱒)
27540855,궔갋3900(댦뱒)
27551758,궔갋3985(댦뱒)
27564442,궔갋4065(댦뱒)
27573556,궔갋4066(댦뱒)
21904197,궔갋4067(댦뱒)
27586572,궔갋4068(댦뱒)
27592479,궔갋4069(댦뱒)
27605038,궔갋4070(댦뱒)
27623146,궔갋4127(댦뱒)
27647199,궔갋4131(댦뱒)
27659742,궔갋4156(댦뱒)
27665351,궔갋4161(댦뱒)
27368600,궔갋4615(댦뱒)
35498342,뛼뫊4772(뱒럖듩뛼뫊긫긚)
27678703,궔갋4788(댦뱒)
35509746,뛼뫊4936(뱒럖듩뛼뫊긫긚)
35510420,뛼뫊4937(뱒럖듩뛼뫊긫긚)
35564514,뛼뫊4958(뱒럖듩뛼뫊긫긚)
35359952,뛼뫊5087(뱒럖듩뛼뫊긫긚)
35361719,뛼뫊5088(뱒럖듩뛼뫊긫긚)
,
,
,
,
,
,
,
,
,
,
,
,
,
,
,
,
,
,
,
,
,
,
,
,
,
,
,
,
,
,
,
,
,
,
,
,
,
,
,
,
,
,
,
,
,
,
,
,
,
,
,
,
,
,
,
,
,
,
,
,
,
,
,
,
,
,
,
,
,
,
,
,
,
,
,
,
,
,
,
,
,
,
,
,
,
,
,
,
,
,
,
,
,
,
,
,
,
,
,
,
,
,
,
,
,
,
,
,
,
,
,
,
,
,
,
,
,
,
,
,
,
,
,
,
,
,
,
,
,
,
,
,
,
,
,
,
,
,
,
,
,
,
,
,
,
,
,
,
,
,
,
,
,
,
,
,
,
,
,
,
,
,
,
,
,
,
,
,
,
,
,
,
,
,
,
,
,
,
,
,
,
,
,
,
,
,
,
,
,
,
,
,
,
,
,
,
,
,
,
,
,
,
,
,
,
,
,
,
,
,
,
,
,
,
,
,
,
,
,
,
,
,
,
,
,
,
,
,
,
,
,
,
,
,
,
,
,
,
,
,
,
,
,
,
,
,
,
,
,
,
,
,
,
,
,
,
,
,
,
,
,
,
,
,
,
,
,
,
,
,
,
,
,
,
,
,
,
,
,
,
,
,
,
,
,
,
,
,
,
,
,
,
,
,
,
,
,
,
,
,
,
,
,
,
,
,
,
,
,
,
,
,
,
,
,
,
,
,
,
,
,
,
,
,
,
,
,
,
,
,
,
,
,
,
,
,
,
,
,
,
,
,
,
,
,
,
,
,
,
,
,
,
,
,
,
,
,
,
,
,
,
,
,
,
,
,
,
,
,
,
,
,
,
,
,
,
,
,
,
,
,
,
,
,
,
,
,
,
,
,
,
,
,
,
,
,
,
,
,
,
,
,
,
,
,
,
,
,
,
,
,
,
,
,
,
,
,
,
,
,
,
,
,
,
,
,
,
,
,
,
,
,
,
,
,
,
,
,
,
,
,
,
,
,
,
,
,
,
,
,
,
,
,
,
,
,
,
,
,
,
,
,
,
,
,
,
,
,
,
,
,
,
,
,
,
,
,
,
,
,
,
,
,
,
,
,
,
,
,
,
,
,
,
,
,
,
,
,
,
,
,
,
,
,
,
,
,
,
,
,
,
,
,
,
,
,
,
,
,
,
,
,
,
,
,
,
,
,
,
,
,
,
,
,
,
,
,
,
,
,
,
,
,
,
,
,
,
,
,
,
,
,
,
,
,
,
,
,
,
,
,
,
,
,
,
,
,
,
,
,
,
,
,
,
,
,
,
,
,
,
,
,
,
,
,
,
,
,
,
,
,
,
,
,
,
,
,
,
,
,
,
,
,
,
,
,
,
,
,
,
,
,
,
,
,
,
,
,
,
,
,
,
,
,
,
,
,
,
,
,
,
,
,
,
,
,
,
,
,
,
,
,
,
,
,
,
,
,
,
,
,
,
,
,
,
,
,
,
,
,
,
,
,
,
,
,
,
,
,
,
,
,
,
,
,
,
,
,
,
,
,
,
,
,
,
,
,
,
,
,
,
,
,
,
,
,
,
,
,
,
,
,
,
,
,
,
,
,
,
,
,
,
,
,
,
,
,
,
,
,
,
,
,
,
,
,
,
,
,
,
,
,
,
,
,
,
,
,
,
,
,
,
,
,
,
,
,
,
,
,
,
,
,
,
,
,
,
,
,
,
,
,
,
,
,
,
,
,
,
,
,
,
,
,
,
,
,
,
,
,
,
,
,
,
,
,
,
,
,
,
,
,
,
,
,
,
,
,
,
,
,
,
,
,
,
,
,
,
,
,
,
,
,
,
,
,
,
,
,
,
,
,
,
,
,
,
,
,
,
,
,
,
,
,
,
,
,
,
,
,
,
,
,
,
,
,
,
,
,
,
,
,
,
,
,
,
,
,
,
,
,
,
,
,
,
,
,
,
,
,
,
,
